BHCT_F,Depth_ft,Retarder_pct_BWOC,Slurry_Density_ppg,Predicted_Thickening_Time_min
100.0,10000,0.1,16.2,330.93
105.0,10000,0.1,16.2,330.93
110.0,10000,0.1,16.2,328.81
115.0,10000,0.1,16.2,327.99
120.0,10000,0.1,16.2,327.19
125.0,10000,0.1,16.2,323.8
130.0,10000,0.1,16.2,315.5
135.0,10000,0.1,16.2,305.2
140.0,10000,0.1,16.2,295.96
145.0,10000,0.1,16.2,294.81
150.0,10000,0.1,16.2,293.89
155.0,10000,0.1,16.2,283.09
160.0,10000,0.1,16.2,271.21
165.0,10000,0.1,16.2,264.4
170.0,10000,0.1,16.2,256.42
175.0,10000,0.1,16.2,254.93
180.0,10000,0.1,16.2,255.22
185.0,10000,0.1,16.2,242.61
190.0,10000,0.1,16.2,232.2
195.0,10000,0.1,16.2,218.84
200.0,10000,0.1,16.2,216.32
205.0,10000,0.1,16.2,218.92
210.0,10000,0.1,16.2,200.57
215.0,10000,0.1,16.2,200.67
220.0,10000,0.1,16.2,198.59
225.0,10000,0.1,16.2,195.84
230.0,10000,0.1,16.2,173.76
235.0,10000,0.1,16.2,159.28
240.0,10000,0.1,16.2,162.2
245.0,10000,0.1,16.2,159.08
250.0,10000,0.1,16.2,147.11
255.0,10000,0.1,16.2,142.17
260.0,10000,0.1,16.2,138.55
265.0,10000,0.1,16.2,137.71
270.0,10000,0.1,16.2,136.84
275.0,10000,0.1,16.2,137.92
280.0,10000,0.1,16.2,136.64
285.0,10000,0.1,16.2,136.56
290.0,10000,0.1,16.2,136.56
295.0,10000,0.1,16.2,136.56
300.0,10000,0.1,16.2,136.56
100.0,10000,0.15,16.2,330.93
105.0,10000,0.15,16.2,330.93
110.0,10000,0.15,16.2,328.81
115.0,10000,0.15,16.2,327.99
120.0,10000,0.15,16.2,327.19
125.0,10000,0.15,16.2,323.8
130.0,10000,0.15,16.2,315.5
135.0,10000,0.15,16.2,305.2
140.0,10000,0.15,16.2,295.96
145.0,10000,0.15,16.2,294.81
150.0,10000,0.15,16.2,293.89
155.0,10000,0.15,16.2,282.95
160.0,10000,0.15,16.2,270.85
165.0,10000,0.15,16.2,264.06
170.0,10000,0.15,16.2,256.07
175.0,10000,0.15,16.2,254.54
180.0,10000,0.15,16.2,254.81
185.0,10000,0.15,16.2,243.36
190.0,10000,0.15,16.2,233.16
195.0,10000,0.15,16.2,219.74
200.0,10000,0.15,16.2,217.16
205.0,10000,0.15,16.2,219.9
210.0,10000,0.15,16.2,201.73
215.0,10000,0.15,16.2,201.89
220.0,10000,0.15,16.2,200.07
225.0,10000,0.15,16.2,197.42
230.0,10000,0.15,16.2,177.22
235.0,10000,0.15,16.2,163.62
240.0,10000,0.15,16.2,166.91
245.0,10000,0.15,16.2,163.62
250.0,10000,0.15,16.2,149.83
255.0,10000,0.15,16.2,144.66
260.0,10000,0.15,16.2,140.99
265.0,10000,0.15,16.2,140.15
270.0,10000,0.15,16.2,139.24
275.0,10000,0.15,16.2,140.41
280.0,10000,0.15,16.2,139.13
285.0,10000,0.15,16.2,139.04
290.0,10000,0.15,16.2,139.04
295.0,10000,0.15,16.2,139.04
300.0,10000,0.15,16.2,139.04
100.0,10000,0.2,16.2,336.31
105.0,10000,0.2,16.2,336.31
110.0,10000,0.2,16.2,334.17
115.0,10000,0.2,16.2,333.35
120.0,10000,0.2,16.2,332.56
125.0,10000,0.2,16.2,326.55
130.0,10000,0.2,16.2,318.1
135.0,10000,0.2,16.2,306.57
140.0,10000,0.2,16.2,295.83
145.0,10000,0.2,16.2,295.09
150.0,10000,0.2,16.2,293.47
155.0,10000,0.2,16.2,283.62
160.0,10000,0.2,16.2,277.19
165.0,10000,0.2,16.2,270.47
170.0,10000,0.2,16.2,263.18
175.0,10000,0.2,16.2,261.74
180.0,10000,0.2,16.2,261.98
185.0,10000,0.2,16.2,249.11
190.0,10000,0.2,16.2,240.07
195.0,10000,0.2,16.2,225.62
200.0,10000,0.2,16.2,220.85
205.0,10000,0.2,16.2,223.74
210.0,10000,0.2,16.2,204.13
215.0,10000,0.2,16.2,204.03
220.0,10000,0.2,16.2,202.04
225.0,10000,0.2,16.2,199.62
230.0,10000,0.2,16.2,180.19
235.0,10000,0.2,16.2,168.81
240.0,10000,0.2,16.2,171.93
245.0,10000,0.2,16.2,169.11
250.0,10000,0.2,16.2,156.12
255.0,10000,0.2,16.2,151.16
260.0,10000,0.2,16.2,147.94
265.0,10000,0.2,16.2,147.29
270.0,10000,0.2,16.2,146.46
275.0,10000,0.2,16.2,148.03
280.0,10000,0.2,16.2,146.49
285.0,10000,0.2,16.2,146.39
290.0,10000,0.2,16.2,146.39
295.0,10000,0.2,16.2,146.39
300.0,10000,0.2,16.2,146.39
100.0,10000,0.25,16.2,341.84
105.0,10000,0.25,16.2,341.84
110.0,10000,0.25,16.2,339.95
115.0,10000,0.25,16.2,339.39
120.0,10000,0.25,16.2,338.81
125.0,10000,0.25,16.2,333.36
130.0,10000,0.25,16.2,328.12
135.0,10000,0.25,16.2,319.17
140.0,10000,0.25,16.2,307.59
145.0,10000,0.25,16.2,306.83
150.0,10000,0.25,16.2,303.99
155.0,10000,0.25,16.2,291.53
160.0,10000,0.25,16.2,280.32
165.0,10000,0.25,16.2,271.65
170.0,10000,0.25,16.2,266.24
175.0,10000,0.25,16.2,264.82
180.0,10000,0.25,16.2,264.57
185.0,10000,0.25,16.2,252.44
190.0,10000,0.25,16.2,245.33
195.0,10000,0.25,16.2,230.98
200.0,10000,0.25,16.2,225.61
205.0,10000,0.25,16.2,228.19
210.0,10000,0.25,16.2,207.07
215.0,10000,0.25,16.2,207.01
220.0,10000,0.25,16.2,205.54
225.0,10000,0.25,16.2,204.37
230.0,10000,0.25,16.2,189.62
235.0,10000,0.25,16.2,181.19
240.0,10000,0.25,16.2,182.71
245.0,10000,0.25,16.2,179.68
250.0,10000,0.25,16.2,162.51
255.0,10000,0.25,16.2,156.46
260.0,10000,0.25,16.2,153.89
265.0,10000,0.25,16.2,152.8
270.0,10000,0.25,16.2,151.79
275.0,10000,0.25,16.2,153.58
280.0,10000,0.25,16.2,151.75
285.0,10000,0.25,16.2,151.65
290.0,10000,0.25,16.2,151.65
295.0,10000,0.25,16.2,151.65
300.0,10000,0.25,16.2,151.65
100.0,10000,0.3,16.2,343.26
105.0,10000,0.3,16.2,343.26
110.0,10000,0.3,16.2,341.49
115.0,10000,0.3,16.2,340.95
120.0,10000,0.3,16.2,340.38
125.0,10000,0.3,16.2,334.93
130.0,10000,0.3,16.2,329.99
135.0,10000,0.3,16.2,321.0
140.0,10000,0.3,16.2,309.81
145.0,10000,0.3,16.2,308.98
150.0,10000,0.3,16.2,305.09
155.0,10000,0.3,16.2,292.69
160.0,10000,0.3,16.2,280.71
165.0,10000,0.3,16.2,272.99
170.0,10000,0.3,16.2,267.94
175.0,10000,0.3,16.2,266.3
180.0,10000,0.3,16.2,265.38
185.0,10000,0.3,16.2,253.21
190.0,10000,0.3,16.2,248.83
195.0,10000,0.3,16.2,235.22
200.0,10000,0.3,16.2,229.43
205.0,10000,0.3,16.2,231.79
210.0,10000,0.3,16.2,210.86
215.0,10000,0.3,16.2,210.31
220.0,10000,0.3,16.2,207.51
225.0,10000,0.3,16.2,206.91
230.0,10000,0.3,16.2,194.2
235.0,10000,0.3,16.2,183.5
240.0,10000,0.3,16.2,183.89
245.0,10000,0.3,16.2,181.08
250.0,10000,0.3,16.2,164.05
255.0,10000,0.3,16.2,157.49
260.0,10000,0.3,16.2,155.22
265.0,10000,0.3,16.2,154.44
270.0,10000,0.3,16.2,153.92
275.0,10000,0.3,16.2,156.13
280.0,10000,0.3,16.2,153.92
285.0,10000,0.3,16.2,153.81
290.0,10000,0.3,16.2,153.81
295.0,10000,0.3,16.2,153.81
300.0,10000,0.3,16.2,153.81
100.0,10000,0.35,16.2,352.0
105.0,10000,0.35,16.2,352.0
110.0,10000,0.35,16.2,350.92
115.0,10000,0.35,16.2,350.61
120.0,10000,0.35,16.2,350.55
125.0,10000,0.35,16.2,344.89
130.0,10000,0.35,16.2,343.06
135.0,10000,0.35,16.2,334.72
140.0,10000,0.35,16.2,329.25
145.0,10000,0.35,16.2,328.6
150.0,10000,0.35,16.2,325.18
155.0,10000,0.35,16.2,319.66
160.0,10000,0.35,16.2,308.09
165.0,10000,0.35,16.2,301.51
170.0,10000,0.35,16.2,291.72
175.0,10000,0.35,16.2,289.92
180.0,10000,0.35,16.2,282.21
185.0,10000,0.35,16.2,260.61
190.0,10000,0.35,16.2,258.98
195.0,10000,0.35,16.2,245.23
200.0,10000,0.35,16.2,241.16
205.0,10000,0.35,16.2,242.78
210.0,10000,0.35,16.2,233.85
215.0,10000,0.35,16.2,233.02
220.0,10000,0.35,16.2,225.23
225.0,10000,0.35,16.2,223.39
230.0,10000,0.35,16.2,213.35
235.0,10000,0.35,16.2,200.01
240.0,10000,0.35,16.2,199.23
245.0,10000,0.35,16.2,196.25
250.0,10000,0.35,16.2,174.65
255.0,10000,0.35,16.2,170.16
260.0,10000,0.35,16.2,165.73
265.0,10000,0.35,16.2,164.59
270.0,10000,0.35,16.2,164.46
275.0,10000,0.35,16.2,167.57
280.0,10000,0.35,16.2,164.68
285.0,10000,0.35,16.2,164.58
290.0,10000,0.35,16.2,164.58
295.0,10000,0.35,16.2,164.58
300.0,10000,0.35,16.2,164.58
100.0,10000,0.4,16.2,354.82
105.0,10000,0.4,16.2,354.82
110.0,10000,0.4,16.2,353.86
115.0,10000,0.4,16.2,353.56
120.0,10000,0.4,16.2,353.47
125.0,10000,0.4,16.2,348.01
130.0,10000,0.4,16.2,345.91
135.0,10000,0.4,16.2,336.16
140.0,10000,0.4,16.2,329.29
145.0,10000,0.4,16.2,328.46
150.0,10000,0.4,16.2,325.0
155.0,10000,0.4,16.2,320.09
160.0,10000,0.4,16.2,308.73
165.0,10000,0.4,16.2,302.65
170.0,10000,0.4,16.2,292.79
175.0,10000,0.4,16.2,291.31
180.0,10000,0.4,16.2,283.84
185.0,10000,0.4,16.2,266.3
190.0,10000,0.4,16.2,264.84
195.0,10000,0.4,16.2,252.92
200.0,10000,0.4,16.2,247.95
205.0,10000,0.4,16.2,248.83
210.0,10000,0.4,16.2,238.94
215.0,10000,0.4,16.2,237.28
220.0,10000,0.4,16.2,227.74
225.0,10000,0.4,16.2,224.79
230.0,10000,0.4,16.2,221.12
235.0,10000,0.4,16.2,212.42
240.0,10000,0.4,16.2,211.89
245.0,10000,0.4,16.2,208.28
250.0,10000,0.4,16.2,188.75
255.0,10000,0.4,16.2,183.1
260.0,10000,0.4,16.2,174.3
265.0,10000,0.4,16.2,167.89
270.0,10000,0.4,16.2,168.13
275.0,10000,0.4,16.2,169.92
280.0,10000,0.4,16.2,167.75
285.0,10000,0.4,16.2,167.65
290.0,10000,0.4,16.2,167.65
295.0,10000,0.4,16.2,167.65
300.0,10000,0.4,16.2,167.65
100.0,10000,0.45,16.2,361.05
105.0,10000,0.45,16.2,361.05
110.0,10000,0.45,16.2,360.39
115.0,10000,0.45,16.2,360.08
120.0,10000,0.45,16.2,360.0
125.0,10000,0.45,16.2,354.94
130.0,10000,0.45,16.2,353.91
135.0,10000,0.45,16.2,344.29
140.0,10000,0.45,16.2,337.95
145.0,10000,0.45,16.2,333.86
150.0,10000,0.45,16.2,329.57
155.0,10000,0.45,16.2,324.34
160.0,10000,0.45,16.2,314.84
165.0,10000,0.45,16.2,309.48
170.0,10000,0.45,16.2,297.92
175.0,10000,0.45,16.2,295.59
180.0,10000,0.45,16.2,287.91
185.0,10000,0.45,16.2,276.12
190.0,10000,0.45,16.2,273.46
195.0,10000,0.45,16.2,262.63
200.0,10000,0.45,16.2,255.93
205.0,10000,0.45,16.2,257.04
210.0,10000,0.45,16.2,251.7
215.0,10000,0.45,16.2,250.11
220.0,10000,0.45,16.2,242.75
225.0,10000,0.45,16.2,240.12
230.0,10000,0.45,16.2,238.41
235.0,10000,0.45,16.2,227.57
240.0,10000,0.45,16.2,227.37
245.0,10000,0.45,16.2,223.79
250.0,10000,0.45,16.2,209.25
255.0,10000,0.45,16.2,205.05
260.0,10000,0.45,16.2,196.54
265.0,10000,0.45,16.2,182.79
270.0,10000,0.45,16.2,182.98
275.0,10000,0.45,16.2,183.45
280.0,10000,0.45,16.2,183.04
285.0,10000,0.45,16.2,183.02
290.0,10000,0.45,16.2,183.02
295.0,10000,0.45,16.2,183.02
300.0,10000,0.45,16.2,183.02
100.0,10000,0.5,16.2,367.68
105.0,10000,0.5,16.2,367.68
110.0,10000,0.5,16.2,367.43
115.0,10000,0.5,16.2,367.32
120.0,10000,0.5,16.2,367.13
125.0,10000,0.5,16.2,364.13
130.0,10000,0.5,16.2,363.01
135.0,10000,0.5,16.2,360.16
140.0,10000,0.5,16.2,359.25
145.0,10000,0.5,16.2,344.34
150.0,10000,0.5,16.2,340.26
155.0,10000,0.5,16.2,337.74
160.0,10000,0.5,16.2,331.84
165.0,10000,0.5,16.2,328.13
170.0,10000,0.5,16.2,314.28
175.0,10000,0.5,16.2,309.03
180.0,10000,0.5,16.2,300.23
185.0,10000,0.5,16.2,290.68
190.0,10000,0.5,16.2,288.72
195.0,10000,0.5,16.2,281.96
200.0,10000,0.5,16.2,273.37
205.0,10000,0.5,16.2,269.86
210.0,10000,0.5,16.2,255.54
215.0,10000,0.5,16.2,252.72
220.0,10000,0.5,16.2,242.38
225.0,10000,0.5,16.2,239.44
230.0,10000,0.5,16.2,239.32
235.0,10000,0.5,16.2,229.11
240.0,10000,0.5,16.2,229.05
245.0,10000,0.5,16.2,225.85
250.0,10000,0.5,16.2,214.29
255.0,10000,0.5,16.2,209.72
260.0,10000,0.5,16.2,199.33
265.0,10000,0.5,16.2,184.8
270.0,10000,0.5,16.2,184.87
275.0,10000,0.5,16.2,185.53
280.0,10000,0.5,16.2,185.16
285.0,10000,0.5,16.2,185.15
290.0,10000,0.5,16.2,185.15
295.0,10000,0.5,16.2,185.15
300.0,10000,0.5,16.2,185.15
100.0,10000,0.55,16.2,382.06
105.0,10000,0.55,16.2,382.06
110.0,10000,0.55,16.2,382.06
115.0,10000,0.55,16.2,382.06
120.0,10000,0.55,16.2,381.73
125.0,10000,0.55,16.2,379.96
130.0,10000,0.55,16.2,377.92
135.0,10000,0.55,16.2,374.56
140.0,10000,0.55,16.2,373.99
145.0,10000,0.55,16.2,352.4
150.0,10000,0.55,16.2,346.84
155.0,10000,0.55,16.2,343.68
160.0,10000,0.55,16.2,338.78
165.0,10000,0.55,16.2,336.57
170.0,10000,0.55,16.2,327.49
175.0,10000,0.55,16.2,318.6
180.0,10000,0.55,16.2,307.04
185.0,10000,0.55,16.2,292.74
190.0,10000,0.55,16.2,290.69
195.0,10000,0.55,16.2,284.57
200.0,10000,0.55,16.2,275.88
205.0,10000,0.55,16.2,272.18
210.0,10000,0.55,16.2,258.69
215.0,10000,0.55,16.2,256.16
220.0,10000,0.55,16.2,246.36
225.0,10000,0.55,16.2,243.63
230.0,10000,0.55,16.2,240.48
235.0,10000,0.55,16.2,231.17
240.0,10000,0.55,16.2,230.82
245.0,10000,0.55,16.2,227.87
250.0,10000,0.55,16.2,220.27
255.0,10000,0.55,16.2,215.52
260.0,10000,0.55,16.2,203.87
265.0,10000,0.55,16.2,187.01
270.0,10000,0.55,16.2,186.63
275.0,10000,0.55,16.2,187.31
280.0,10000,0.55,16.2,186.94
285.0,10000,0.55,16.2,186.93
290.0,10000,0.55,16.2,186.93
295.0,10000,0.55,16.2,186.93
300.0,10000,0.55,16.2,186.93
100.0,10000,0.6,16.2,399.11
105.0,10000,0.6,16.2,399.11
110.0,10000,0.6,16.2,399.11
115.0,10000,0.6,16.2,399.11
120.0,10000,0.6,16.2,398.65
125.0,10000,0.6,16.2,397.55
130.0,10000,0.6,16.2,393.53
135.0,10000,0.6,16.2,390.72
140.0,10000,0.6,16.2,389.28
145.0,10000,0.6,16.2,359.66
150.0,10000,0.6,16.2,353.97
155.0,10000,0.6,16.2,350.62
160.0,10000,0.6,16.2,346.67
165.0,10000,0.6,16.2,346.68
170.0,10000,0.6,16.2,342.89
175.0,10000,0.6,16.2,332.27
180.0,10000,0.6,16.2,318.36
185.0,10000,0.6,16.2,304.62
190.0,10000,0.6,16.2,303.5
195.0,10000,0.6,16.2,302.65
200.0,10000,0.6,16.2,295.66
205.0,10000,0.6,16.2,289.62
210.0,10000,0.6,16.2,282.79
215.0,10000,0.6,16.2,280.11
220.0,10000,0.6,16.2,276.4
225.0,10000,0.6,16.2,274.99
230.0,10000,0.6,16.2,273.95
235.0,10000,0.6,16.2,258.83
240.0,10000,0.6,16.2,249.0
245.0,10000,0.6,16.2,244.17
250.0,10000,0.6,16.2,236.98
255.0,10000,0.6,16.2,233.16
260.0,10000,0.6,16.2,229.91
265.0,10000,0.6,16.2,227.15
270.0,10000,0.6,16.2,224.37
275.0,10000,0.6,16.2,224.04
280.0,10000,0.6,16.2,223.89
285.0,10000,0.6,16.2,223.89
290.0,10000,0.6,16.2,223.89
295.0,10000,0.6,16.2,223.89
300.0,10000,0.6,16.2,223.89
100.0,10000,0.65,16.2,409.82
105.0,10000,0.65,16.2,409.82
110.0,10000,0.65,16.2,409.82
115.0,10000,0.65,16.2,409.82
120.0,10000,0.65,16.2,409.36
125.0,10000,0.65,16.2,408.14
130.0,10000,0.65,16.2,404.11
135.0,10000,0.65,16.2,401.06
140.0,10000,0.65,16.2,398.92
145.0,10000,0.65,16.2,366.86
150.0,10000,0.65,16.2,360.53
155.0,10000,0.65,16.2,357.32
160.0,10000,0.65,16.2,354.08
165.0,10000,0.65,16.2,353.24
170.0,10000,0.65,16.2,349.25
175.0,10000,0.65,16.2,338.83
180.0,10000,0.65,16.2,322.6
185.0,10000,0.65,16.2,309.26
190.0,10000,0.65,16.2,308.92
195.0,10000,0.65,16.2,308.47
200.0,10000,0.65,16.2,304.51
205.0,10000,0.65,16.2,301.01
210.0,10000,0.65,16.2,293.85
215.0,10000,0.65,16.2,290.16
220.0,10000,0.65,16.2,286.35
225.0,10000,0.65,16.2,287.0
230.0,10000,0.65,16.2,286.91
235.0,10000,0.65,16.2,265.56
240.0,10000,0.65,16.2,252.98
245.0,10000,0.65,16.2,248.0
250.0,10000,0.65,16.2,241.42
255.0,10000,0.65,16.2,237.71
260.0,10000,0.65,16.2,237.02
265.0,10000,0.65,16.2,236.2
270.0,10000,0.65,16.2,233.52
275.0,10000,0.65,16.2,232.95
280.0,10000,0.65,16.2,232.95
285.0,10000,0.65,16.2,232.95
290.0,10000,0.65,16.2,232.95
295.0,10000,0.65,16.2,232.95
300.0,10000,0.65,16.2,232.95
100.0,10000,0.7,16.2,411.69
105.0,10000,0.7,16.2,411.69
110.0,10000,0.7,16.2,411.69
115.0,10000,0.7,16.2,411.69
120.0,10000,0.7,16.2,411.24
125.0,10000,0.7,16.2,410.1
130.0,10000,0.7,16.2,405.95
135.0,10000,0.7,16.2,403.41
140.0,10000,0.7,16.2,401.14
145.0,10000,0.7,16.2,371.05
150.0,10000,0.7,16.2,364.89
155.0,10000,0.7,16.2,361.65
160.0,10000,0.7,16.2,357.56
165.0,10000,0.7,16.2,355.19
170.0,10000,0.7,16.2,351.65
175.0,10000,0.7,16.2,343.7
180.0,10000,0.7,16.2,329.94
185.0,10000,0.7,16.2,320.11
190.0,10000,0.7,16.2,320.14
195.0,10000,0.7,16.2,319.75
200.0,10000,0.7,16.2,315.47
205.0,10000,0.7,16.2,312.25
210.0,10000,0.7,16.2,303.22
215.0,10000,0.7,16.2,298.06
220.0,10000,0.7,16.2,294.51
225.0,10000,0.7,16.2,296.49
230.0,10000,0.7,16.2,296.84
235.0,10000,0.7,16.2,271.48
240.0,10000,0.7,16.2,257.91
245.0,10000,0.7,16.2,253.41
250.0,10000,0.7,16.2,246.82
255.0,10000,0.7,16.2,242.39
260.0,10000,0.7,16.2,241.25
265.0,10000,0.7,16.2,240.44
270.0,10000,0.7,16.2,237.43
275.0,10000,0.7,16.2,236.86
280.0,10000,0.7,16.2,236.86
285.0,10000,0.7,16.2,236.86
290.0,10000,0.7,16.2,236.86
295.0,10000,0.7,16.2,236.86
300.0,10000,0.7,16.2,236.86
100.0,10000,0.75,16.2,416.14
105.0,10000,0.75,16.2,416.14
110.0,10000,0.75,16.2,416.14
115.0,10000,0.75,16.2,416.14
120.0,10000,0.75,16.2,415.71
125.0,10000,0.75,16.2,414.74
130.0,10000,0.75,16.2,411.5
135.0,10000,0.75,16.2,409.36
140.0,10000,0.75,16.2,407.07
145.0,10000,0.75,16.2,382.62
150.0,10000,0.75,16.2,377.8
155.0,10000,0.75,16.2,374.98
160.0,10000,0.75,16.2,370.02
165.0,10000,0.75,16.2,364.81
170.0,10000,0.75,16.2,361.04
175.0,10000,0.75,16.2,354.27
180.0,10000,0.75,16.2,343.53
185.0,10000,0.75,16.2,330.65
190.0,10000,0.75,16.2,330.28
195.0,10000,0.75,16.2,330.15
200.0,10000,0.75,16.2,324.58
205.0,10000,0.75,16.2,320.82
210.0,10000,0.75,16.2,307.85
215.0,10000,0.75,16.2,302.06
220.0,10000,0.75,16.2,299.46
225.0,10000,0.75,16.2,302.95
230.0,10000,0.75,16.2,304.11
235.0,10000,0.75,16.2,283.86
240.0,10000,0.75,16.2,276.82
245.0,10000,0.75,16.2,273.24
250.0,10000,0.75,16.2,268.28
255.0,10000,0.75,16.2,264.8
260.0,10000,0.75,16.2,256.41
265.0,10000,0.75,16.2,256.09
270.0,10000,0.75,16.2,255.0
275.0,10000,0.75,16.2,254.57
280.0,10000,0.75,16.2,254.14
285.0,10000,0.75,16.2,253.85
290.0,10000,0.75,16.2,253.85
295.0,10000,0.75,16.2,253.85
300.0,10000,0.75,16.2,253.85
100.0,10000,0.8,16.2,416.76
105.0,10000,0.8,16.2,416.76
110.0,10000,0.8,16.2,416.76
115.0,10000,0.8,16.2,416.76
120.0,10000,0.8,16.2,416.0
125.0,10000,0.8,16.2,415.29
130.0,10000,0.8,16.2,412.01
135.0,10000,0.8,16.2,410.47
140.0,10000,0.8,16.2,408.87
145.0,10000,0.8,16.2,393.99
150.0,10000,0.8,16.2,390.4
155.0,10000,0.8,16.2,385.33
160.0,10000,0.8,16.2,378.71
165.0,10000,0.8,16.2,372.36
170.0,10000,0.8,16.2,368.04
175.0,10000,0.8,16.2,362.6
180.0,10000,0.8,16.2,353.79
185.0,10000,0.8,16.2,343.13
190.0,10000,0.8,16.2,342.09
195.0,10000,0.8,16.2,341.67
200.0,10000,0.8,16.2,334.96
205.0,10000,0.8,16.2,329.48
210.0,10000,0.8,16.2,317.88
215.0,10000,0.8,16.2,310.29
220.0,10000,0.8,16.2,306.67
225.0,10000,0.8,16.2,309.66
230.0,10000,0.8,16.2,310.15
235.0,10000,0.8,16.2,291.6
240.0,10000,0.8,16.2,287.0
245.0,10000,0.8,16.2,283.02
250.0,10000,0.8,16.2,277.18
255.0,10000,0.8,16.2,274.36
260.0,10000,0.8,16.2,265.58
265.0,10000,0.8,16.2,264.72
270.0,10000,0.8,16.2,264.59
275.0,10000,0.8,16.2,264.04
280.0,10000,0.8,16.2,263.19
285.0,10000,0.8,16.2,262.67
290.0,10000,0.8,16.2,262.67
295.0,10000,0.8,16.2,262.67
300.0,10000,0.8,16.2,262.67
100.0,10000,0.85,16.2,427.37
105.0,10000,0.85,16.2,427.37
110.0,10000,0.85,16.2,427.37
115.0,10000,0.85,16.2,427.37
120.0,10000,0.85,16.2,426.62
125.0,10000,0.85,16.2,426.77
130.0,10000,0.85,16.2,424.62
135.0,10000,0.85,16.2,420.2
140.0,10000,0.85,16.2,416.1
145.0,10000,0.85,16.2,398.35
150.0,10000,0.85,16.2,394.17
155.0,10000,0.85,16.2,390.11
160.0,10000,0.85,16.2,383.56
165.0,10000,0.85,16.2,378.7
170.0,10000,0.85,16.2,374.09
175.0,10000,0.85,16.2,369.96
180.0,10000,0.85,16.2,360.27
185.0,10000,0.85,16.2,349.24
190.0,10000,0.85,16.2,347.61
195.0,10000,0.85,16.2,346.81
200.0,10000,0.85,16.2,340.81
205.0,10000,0.85,16.2,336.16
210.0,10000,0.85,16.2,334.93
215.0,10000,0.85,16.2,325.58
220.0,10000,0.85,16.2,322.02
225.0,10000,0.85,16.2,325.9
230.0,10000,0.85,16.2,325.93
235.0,10000,0.85,16.2,299.39
240.0,10000,0.85,16.2,294.19
245.0,10000,0.85,16.2,289.19
250.0,10000,0.85,16.2,281.91
255.0,10000,0.85,16.2,278.22
260.0,10000,0.85,16.2,267.74
265.0,10000,0.85,16.2,266.7
270.0,10000,0.85,16.2,266.44
275.0,10000,0.85,16.2,265.82
280.0,10000,0.85,16.2,264.95
285.0,10000,0.85,16.2,264.43
290.0,10000,0.85,16.2,264.43
295.0,10000,0.85,16.2,264.43
300.0,10000,0.85,16.2,264.43
100.0,10000,0.9,16.2,436.92
105.0,10000,0.9,16.2,436.92
110.0,10000,0.9,16.2,436.92
115.0,10000,0.9,16.2,436.92
120.0,10000,0.9,16.2,436.29
125.0,10000,0.9,16.2,436.52
130.0,10000,0.9,16.2,433.94
135.0,10000,0.9,16.2,429.37
140.0,10000,0.9,16.2,425.42
145.0,10000,0.9,16.2,406.91
150.0,10000,0.9,16.2,402.7
155.0,10000,0.9,16.2,400.41
160.0,10000,0.9,16.2,390.98
165.0,10000,0.9,16.2,385.42
170.0,10000,0.9,16.2,377.64
175.0,10000,0.9,16.2,372.33
180.0,10000,0.9,16.2,365.46
185.0,10000,0.9,16.2,359.22
190.0,10000,0.9,16.2,358.29
195.0,10000,0.9,16.2,357.61
200.0,10000,0.9,16.2,353.87
205.0,10000,0.9,16.2,350.61
210.0,10000,0.9,16.2,341.26
215.0,10000,0.9,16.2,325.93
220.0,10000,0.9,16.2,320.82
225.0,10000,0.9,16.2,323.54
230.0,10000,0.9,16.2,323.95
235.0,10000,0.9,16.2,311.11
240.0,10000,0.9,16.2,309.7
245.0,10000,0.9,16.2,308.66
250.0,10000,0.9,16.2,301.41
255.0,10000,0.9,16.2,296.43
260.0,10000,0.9,16.2,288.87
265.0,10000,0.9,16.2,289.52
270.0,10000,0.9,16.2,286.81
275.0,10000,0.9,16.2,285.0
280.0,10000,0.9,16.2,283.23
285.0,10000,0.9,16.2,282.68
290.0,10000,0.9,16.2,282.68
295.0,10000,0.9,16.2,282.68
300.0,10000,0.9,16.2,282.68
100.0,10000,0.95,16.2,415.5
105.0,10000,0.95,16.2,415.5
110.0,10000,0.95,16.2,415.5
115.0,10000,0.95,16.2,415.5
120.0,10000,0.95,16.2,415.27
125.0,10000,0.95,16.2,415.26
130.0,10000,0.95,16.2,412.59
135.0,10000,0.95,16.2,411.6
140.0,10000,0.95,16.2,410.77
145.0,10000,0.95,16.2,408.73
150.0,10000,0.95,16.2,407.64
155.0,10000,0.95,16.2,406.54
160.0,10000,0.95,16.2,406.33
165.0,10000,0.95,16.2,405.63
170.0,10000,0.95,16.2,395.89
175.0,10000,0.95,16.2,390.93
180.0,10000,0.95,16.2,389.12
185.0,10000,0.95,16.2,385.39
190.0,10000,0.95,16.2,382.81
195.0,10000,0.95,16.2,382.73
200.0,10000,0.95,16.2,380.02
205.0,10000,0.95,16.2,369.4
210.0,10000,0.95,16.2,361.06
215.0,10000,0.95,16.2,354.72
220.0,10000,0.95,16.2,343.35
225.0,10000,0.95,16.2,340.97
230.0,10000,0.95,16.2,337.99
235.0,10000,0.95,16.2,334.59
240.0,10000,0.95,16.2,333.64
245.0,10000,0.95,16.2,333.98
250.0,10000,0.95,16.2,334.47
255.0,10000,0.95,16.2,328.01
260.0,10000,0.95,16.2,305.79
265.0,10000,0.95,16.2,304.08
270.0,10000,0.95,16.2,298.9
275.0,10000,0.95,16.2,295.5
280.0,10000,0.95,16.2,293.54
285.0,10000,0.95,16.2,293.46
290.0,10000,0.95,16.2,293.46
295.0,10000,0.95,16.2,293.46
300.0,10000,0.95,16.2,293.46
100.0,10000,1.0,16.2,423.05
105.0,10000,1.0,16.2,423.05
110.0,10000,1.0,16.2,423.05
115.0,10000,1.0,16.2,423.05
120.0,10000,1.0,16.2,423.05
125.0,10000,1.0,16.2,423.02
130.0,10000,1.0,16.2,420.86
135.0,10000,1.0,16.2,420.4
140.0,10000,1.0,16.2,419.08
145.0,10000,1.0,16.2,419.19
150.0,10000,1.0,16.2,418.52
155.0,10000,1.0,16.2,415.54
160.0,10000,1.0,16.2,415.5
165.0,10000,1.0,16.2,414.35
170.0,10000,1.0,16.2,408.14
175.0,10000,1.0,16.2,402.97
180.0,10000,1.0,16.2,400.79
185.0,10000,1.0,16.2,395.72
190.0,10000,1.0,16.2,391.68
195.0,10000,1.0,16.2,391.57
200.0,10000,1.0,16.2,388.5
205.0,10000,1.0,16.2,374.18
210.0,10000,1.0,16.2,360.72
215.0,10000,1.0,16.2,356.38
220.0,10000,1.0,16.2,346.71
225.0,10000,1.0,16.2,343.33
230.0,10000,1.0,16.2,341.23
235.0,10000,1.0,16.2,339.21
240.0,10000,1.0,16.2,338.94
245.0,10000,1.0,16.2,339.97
250.0,10000,1.0,16.2,341.62
255.0,10000,1.0,16.2,336.08
260.0,10000,1.0,16.2,313.44
265.0,10000,1.0,16.2,310.7
270.0,10000,1.0,16.2,305.23
275.0,10000,1.0,16.2,302.39
280.0,10000,1.0,16.2,299.93
285.0,10000,1.0,16.2,299.97
290.0,10000,1.0,16.2,299.97
295.0,10000,1.0,16.2,299.97
300.0,10000,1.0,16.2,299.97
100.0,10000,1.05,16.2,437.06
105.0,10000,1.05,16.2,437.06
110.0,10000,1.05,16.2,437.06
115.0,10000,1.05,16.2,437.06
120.0,10000,1.05,16.2,437.06
125.0,10000,1.05,16.2,436.98
130.0,10000,1.05,16.2,434.76
135.0,10000,1.05,16.2,434.47
140.0,10000,1.05,16.2,432.75
145.0,10000,1.05,16.2,432.26
150.0,10000,1.05,16.2,430.71
155.0,10000,1.05,16.2,425.32
160.0,10000,1.05,16.2,424.54
165.0,10000,1.05,16.2,422.69
170.0,10000,1.05,16.2,419.77
175.0,10000,1.05,16.2,417.08
180.0,10000,1.05,16.2,416.2
185.0,10000,1.05,16.2,412.75
190.0,10000,1.05,16.2,408.91
195.0,10000,1.05,16.2,408.99
200.0,10000,1.05,16.2,408.11
205.0,10000,1.05,16.2,395.23
210.0,10000,1.05,16.2,377.68
215.0,10000,1.05,16.2,376.55
220.0,10000,1.05,16.2,370.42
225.0,10000,1.05,16.2,365.52
230.0,10000,1.05,16.2,363.5
235.0,10000,1.05,16.2,361.39
240.0,10000,1.05,16.2,360.68
245.0,10000,1.05,16.2,361.58
250.0,10000,1.05,16.2,360.65
255.0,10000,1.05,16.2,354.17
260.0,10000,1.05,16.2,318.76
265.0,10000,1.05,16.2,312.98
270.0,10000,1.05,16.2,307.67
275.0,10000,1.05,16.2,304.36
280.0,10000,1.05,16.2,299.27
285.0,10000,1.05,16.2,299.37
290.0,10000,1.05,16.2,299.37
295.0,10000,1.05,16.2,299.37
300.0,10000,1.05,16.2,299.37
100.0,10000,1.1,16.2,443.28
105.0,10000,1.1,16.2,443.28
110.0,10000,1.1,16.2,443.28
115.0,10000,1.1,16.2,443.28
120.0,10000,1.1,16.2,443.28
125.0,10000,1.1,16.2,443.21
130.0,10000,1.1,16.2,441.47
135.0,10000,1.1,16.2,441.14
140.0,10000,1.1,16.2,438.59
145.0,10000,1.1,16.2,438.09
150.0,10000,1.1,16.2,436.4
155.0,10000,1.1,16.2,429.32
160.0,10000,1.1,16.2,427.92
165.0,10000,1.1,16.2,425.85
170.0,10000,1.1,16.2,423.71
175.0,10000,1.1,16.2,421.63
180.0,10000,1.1,16.2,420.99
185.0,10000,1.1,16.2,417.59
190.0,10000,1.1,16.2,414.45
195.0,10000,1.1,16.2,414.64
200.0,10000,1.1,16.2,415.84
205.0,10000,1.1,16.2,410.32
210.0,10000,1.1,16.2,394.71
215.0,10000,1.1,16.2,393.87
220.0,10000,1.1,16.2,390.53
225.0,10000,1.1,16.2,382.77
230.0,10000,1.1,16.2,380.77
235.0,10000,1.1,16.2,377.42
240.0,10000,1.1,16.2,375.29
245.0,10000,1.1,16.2,374.63
250.0,10000,1.1,16.2,373.24
255.0,10000,1.1,16.2,366.13
260.0,10000,1.1,16.2,327.56
265.0,10000,1.1,16.2,319.57
270.0,10000,1.1,16.2,313.28
275.0,10000,1.1,16.2,310.46
280.0,10000,1.1,16.2,305.15
285.0,10000,1.1,16.2,305.25
290.0,10000,1.1,16.2,305.25
295.0,10000,1.1,16.2,305.25
300.0,10000,1.1,16.2,305.25
100.0,10000,1.15,16.2,455.27
105.0,10000,1.15,16.2,455.27
110.0,10000,1.15,16.2,455.27
115.0,10000,1.15,16.2,455.27
120.0,10000,1.15,16.2,455.27
125.0,10000,1.15,16.2,455.2
130.0,10000,1.15,16.2,453.53
135.0,10000,1.15,16.2,453.08
140.0,10000,1.15,16.2,449.65
145.0,10000,1.15,16.2,449.22
150.0,10000,1.15,16.2,447.32
155.0,10000,1.15,16.2,438.47
160.0,10000,1.15,16.2,436.47
165.0,10000,1.15,16.2,434.35
170.0,10000,1.15,16.2,433.06
175.0,10000,1.15,16.2,431.68
180.0,10000,1.15,16.2,431.45
185.0,10000,1.15,16.2,427.42
190.0,10000,1.15,16.2,423.19
195.0,10000,1.15,16.2,423.3
200.0,10000,1.15,16.2,424.3
205.0,10000,1.15,16.2,418.79
210.0,10000,1.15,16.2,396.94
215.0,10000,1.15,16.2,391.36
220.0,10000,1.15,16.2,389.98
225.0,10000,1.15,16.2,382.96
230.0,10000,1.15,16.2,380.84
235.0,10000,1.15,16.2,379.77
240.0,10000,1.15,16.2,378.06
245.0,10000,1.15,16.2,377.15
250.0,10000,1.15,16.2,375.52
255.0,10000,1.15,16.2,367.13
260.0,10000,1.15,16.2,341.04
265.0,10000,1.15,16.2,330.63
270.0,10000,1.15,16.2,323.21
275.0,10000,1.15,16.2,321.78
280.0,10000,1.15,16.2,317.01
285.0,10000,1.15,16.2,317.07
290.0,10000,1.15,16.2,317.07
295.0,10000,1.15,16.2,317.07
300.0,10000,1.15,16.2,317.07
100.0,10000,1.2,16.2,473.7
105.0,10000,1.2,16.2,473.7
110.0,10000,1.2,16.2,473.7
115.0,10000,1.2,16.2,473.7
120.0,10000,1.2,16.2,473.7
125.0,10000,1.2,16.2,473.63
130.0,10000,1.2,16.2,471.7
135.0,10000,1.2,16.2,471.04
140.0,10000,1.2,16.2,466.52
145.0,10000,1.2,16.2,465.9
150.0,10000,1.2,16.2,463.76
155.0,10000,1.2,16.2,455.69
160.0,10000,1.2,16.2,453.16
165.0,10000,1.2,16.2,450.93
170.0,10000,1.2,16.2,449.23
175.0,10000,1.2,16.2,448.85
180.0,10000,1.2,16.2,448.81
185.0,10000,1.2,16.2,445.3
190.0,10000,1.2,16.2,441.73
195.0,10000,1.2,16.2,441.35
200.0,10000,1.2,16.2,439.76
205.0,10000,1.2,16.2,429.96
210.0,10000,1.2,16.2,410.04
215.0,10000,1.2,16.2,404.1
220.0,10000,1.2,16.2,402.13
225.0,10000,1.2,16.2,397.57
230.0,10000,1.2,16.2,396.9
235.0,10000,1.2,16.2,394.31
240.0,10000,1.2,16.2,389.67
245.0,10000,1.2,16.2,386.88
250.0,10000,1.2,16.2,385.6
255.0,10000,1.2,16.2,376.94
260.0,10000,1.2,16.2,350.82
265.0,10000,1.2,16.2,338.56
270.0,10000,1.2,16.2,330.11
275.0,10000,1.2,16.2,328.61
280.0,10000,1.2,16.2,325.08
285.0,10000,1.2,16.2,325.29
290.0,10000,1.2,16.2,325.29
295.0,10000,1.2,16.2,325.29
300.0,10000,1.2,16.2,325.29
100.0,10000,1.25,16.2,495.5
105.0,10000,1.25,16.2,495.5
110.0,10000,1.25,16.2,495.5
115.0,10000,1.25,16.2,495.5
120.0,10000,1.25,16.2,495.5
125.0,10000,1.25,16.2,495.46
130.0,10000,1.25,16.2,494.1
135.0,10000,1.25,16.2,493.6
140.0,10000,1.25,16.2,488.9
145.0,10000,1.25,16.2,486.0
150.0,10000,1.25,16.2,482.48
155.0,10000,1.25,16.2,478.33
160.0,10000,1.25,16.2,475.63
165.0,10000,1.25,16.2,468.79
170.0,10000,1.25,16.2,466.24
175.0,10000,1.25,16.2,465.77
180.0,10000,1.25,16.2,463.79
185.0,10000,1.25,16.2,461.31
190.0,10000,1.25,16.2,458.33
195.0,10000,1.25,16.2,457.72
200.0,10000,1.25,16.2,454.24
205.0,10000,1.25,16.2,441.43
210.0,10000,1.25,16.2,417.12
215.0,10000,1.25,16.2,409.22
220.0,10000,1.25,16.2,406.32
225.0,10000,1.25,16.2,401.36
230.0,10000,1.25,16.2,400.85
235.0,10000,1.25,16.2,398.41
240.0,10000,1.25,16.2,393.28
245.0,10000,1.25,16.2,389.69
250.0,10000,1.25,16.2,388.48
255.0,10000,1.25,16.2,380.69
260.0,10000,1.25,16.2,357.69
265.0,10000,1.25,16.2,345.73
270.0,10000,1.25,16.2,337.65
275.0,10000,1.25,16.2,336.36
280.0,10000,1.25,16.2,333.47
285.0,10000,1.25,16.2,333.76
290.0,10000,1.25,16.2,333.76
295.0,10000,1.25,16.2,333.76
300.0,10000,1.25,16.2,333.76
100.0,10000,1.3,16.2,509.31
105.0,10000,1.3,16.2,509.31
110.0,10000,1.3,16.2,509.31
115.0,10000,1.3,16.2,509.31
120.0,10000,1.3,16.2,509.31
125.0,10000,1.3,16.2,509.31
130.0,10000,1.3,16.2,509.07
135.0,10000,1.3,16.2,509.2
140.0,10000,1.3,16.2,507.3
145.0,10000,1.3,16.2,504.06
150.0,10000,1.3,16.2,502.07
155.0,10000,1.3,16.2,499.75
160.0,10000,1.3,16.2,496.13
165.0,10000,1.3,16.2,481.34
170.0,10000,1.3,16.2,476.64
175.0,10000,1.3,16.2,475.77
180.0,10000,1.3,16.2,473.04
185.0,10000,1.3,16.2,470.76
190.0,10000,1.3,16.2,468.59
195.0,10000,1.3,16.2,467.99
200.0,10000,1.3,16.2,462.37
205.0,10000,1.3,16.2,451.92
210.0,10000,1.3,16.2,436.39
215.0,10000,1.3,16.2,432.55
220.0,10000,1.3,16.2,430.82
225.0,10000,1.3,16.2,428.57
230.0,10000,1.3,16.2,426.77
235.0,10000,1.3,16.2,423.89
240.0,10000,1.3,16.2,417.45
245.0,10000,1.3,16.2,415.98
250.0,10000,1.3,16.2,415.64
255.0,10000,1.3,16.2,406.52
260.0,10000,1.3,16.2,394.26
265.0,10000,1.3,16.2,393.51
270.0,10000,1.3,16.2,386.13
275.0,10000,1.3,16.2,384.34
280.0,10000,1.3,16.2,384.19
285.0,10000,1.3,16.2,384.59
290.0,10000,1.3,16.2,384.59
295.0,10000,1.3,16.2,384.59
300.0,10000,1.3,16.2,384.59
100.0,10000,1.35,16.2,520.0
105.0,10000,1.35,16.2,520.0
110.0,10000,1.35,16.2,520.0
115.0,10000,1.35,16.2,520.0
120.0,10000,1.35,16.2,520.0
125.0,10000,1.35,16.2,520.0
130.0,10000,1.35,16.2,520.17
135.0,10000,1.35,16.2,520.74
140.0,10000,1.35,16.2,520.66
145.0,10000,1.35,16.2,518.8
150.0,10000,1.35,16.2,518.87
155.0,10000,1.35,16.2,518.16
160.0,10000,1.35,16.2,515.83
165.0,10000,1.35,16.2,497.83
170.0,10000,1.35,16.2,491.43
175.0,10000,1.35,16.2,490.9
180.0,10000,1.35,16.2,487.87
185.0,10000,1.35,16.2,484.29
190.0,10000,1.35,16.2,480.11
195.0,10000,1.35,16.2,479.44
200.0,10000,1.35,16.2,477.63
205.0,10000,1.35,16.2,464.11
210.0,10000,1.35,16.2,446.04
215.0,10000,1.35,16.2,440.64
220.0,10000,1.35,16.2,439.04
225.0,10000,1.35,16.2,436.78
230.0,10000,1.35,16.2,436.05
235.0,10000,1.35,16.2,434.86
240.0,10000,1.35,16.2,429.77
245.0,10000,1.35,16.2,428.42
250.0,10000,1.35,16.2,429.15
255.0,10000,1.35,16.2,422.49
260.0,10000,1.35,16.2,414.47
265.0,10000,1.35,16.2,414.68
270.0,10000,1.35,16.2,406.57
275.0,10000,1.35,16.2,404.46
280.0,10000,1.35,16.2,404.3
285.0,10000,1.35,16.2,404.7
290.0,10000,1.35,16.2,404.7
295.0,10000,1.35,16.2,404.7
300.0,10000,1.35,16.2,404.7
100.0,10000,1.4,16.2,524.87
105.0,10000,1.4,16.2,524.87
110.0,10000,1.4,16.2,524.87
115.0,10000,1.4,16.2,524.87
120.0,10000,1.4,16.2,524.87
125.0,10000,1.4,16.2,524.87
130.0,10000,1.4,16.2,524.97
135.0,10000,1.4,16.2,525.51
140.0,10000,1.4,16.2,525.36
145.0,10000,1.4,16.2,523.19
150.0,10000,1.4,16.2,523.23
155.0,10000,1.4,16.2,522.67
160.0,10000,1.4,16.2,520.66
165.0,10000,1.4,16.2,503.6
170.0,10000,1.4,16.2,497.79
175.0,10000,1.4,16.2,497.41
180.0,10000,1.4,16.2,495.39
185.0,10000,1.4,16.2,492.76
190.0,10000,1.4,16.2,488.85
195.0,10000,1.4,16.2,488.04
200.0,10000,1.4,16.2,488.19
205.0,10000,1.4,16.2,475.27
210.0,10000,1.4,16.2,457.07
215.0,10000,1.4,16.2,448.92
220.0,10000,1.4,16.2,446.34
225.0,10000,1.4,16.2,443.23
230.0,10000,1.4,16.2,442.37
235.0,10000,1.4,16.2,440.8
240.0,10000,1.4,16.2,435.54
245.0,10000,1.4,16.2,434.77
250.0,10000,1.4,16.2,435.13
255.0,10000,1.4,16.2,431.75
260.0,10000,1.4,16.2,426.93
265.0,10000,1.4,16.2,427.1
270.0,10000,1.4,16.2,419.6
275.0,10000,1.4,16.2,417.65
280.0,10000,1.4,16.2,417.53
285.0,10000,1.4,16.2,417.83
290.0,10000,1.4,16.2,417.83
295.0,10000,1.4,16.2,417.83
300.0,10000,1.4,16.2,417.83
100.0,10000,1.45,16.2,540.35
105.0,10000,1.45,16.2,540.35
110.0,10000,1.45,16.2,540.35
115.0,10000,1.45,16.2,540.35
120.0,10000,1.45,16.2,540.35
125.0,10000,1.45,16.2,540.35
130.0,10000,1.45,16.2,540.37
135.0,10000,1.45,16.2,540.67
140.0,10000,1.45,16.2,540.46
145.0,10000,1.45,16.2,539.89
150.0,10000,1.45,16.2,540.13
155.0,10000,1.45,16.2,540.11
160.0,10000,1.45,16.2,539.16
165.0,10000,1.45,16.2,520.52
170.0,10000,1.45,16.2,507.53
175.0,10000,1.45,16.2,506.42
180.0,10000,1.45,16.2,504.57
185.0,10000,1.45,16.2,502.34
190.0,10000,1.45,16.2,498.94
195.0,10000,1.45,16.2,498.83
200.0,10000,1.45,16.2,502.5
205.0,10000,1.45,16.2,496.2
210.0,10000,1.45,16.2,487.58
215.0,10000,1.45,16.2,480.82
220.0,10000,1.45,16.2,479.53
225.0,10000,1.45,16.2,477.7
230.0,10000,1.45,16.2,474.99
235.0,10000,1.45,16.2,471.3
240.0,10000,1.45,16.2,468.23
245.0,10000,1.45,16.2,468.08
250.0,10000,1.45,16.2,467.52
255.0,10000,1.45,16.2,466.55
260.0,10000,1.45,16.2,462.29
265.0,10000,1.45,16.2,462.34
270.0,10000,1.45,16.2,458.19
275.0,10000,1.45,16.2,457.78
280.0,10000,1.45,16.2,457.48
285.0,10000,1.45,16.2,457.48
290.0,10000,1.45,16.2,457.48
295.0,10000,1.45,16.2,457.48
300.0,10000,1.45,16.2,457.48
100.0,10000,1.5,16.2,538.99
105.0,10000,1.5,16.2,538.99
110.0,10000,1.5,16.2,538.99
115.0,10000,1.5,16.2,538.99
120.0,10000,1.5,16.2,538.99
125.0,10000,1.5,16.2,538.99
130.0,10000,1.5,16.2,539.02
135.0,10000,1.5,16.2,539.26
140.0,10000,1.5,16.2,538.89
145.0,10000,1.5,16.2,538.53
150.0,10000,1.5,16.2,538.81
155.0,10000,1.5,16.2,538.92
160.0,10000,1.5,16.2,538.23
165.0,10000,1.5,16.2,522.64
170.0,10000,1.5,16.2,510.28
175.0,10000,1.5,16.2,508.83
180.0,10000,1.5,16.2,507.14
185.0,10000,1.5,16.2,503.81
190.0,10000,1.5,16.2,499.88
195.0,10000,1.5,16.2,499.71
200.0,10000,1.5,16.2,503.0
205.0,10000,1.5,16.2,496.86
210.0,10000,1.5,16.2,488.11
215.0,10000,1.5,16.2,480.51
220.0,10000,1.5,16.2,479.18
225.0,10000,1.5,16.2,477.35
230.0,10000,1.5,16.2,474.73
235.0,10000,1.5,16.2,470.91
240.0,10000,1.5,16.2,467.8
245.0,10000,1.5,16.2,467.64
250.0,10000,1.5,16.2,467.03
255.0,10000,1.5,16.2,465.99
260.0,10000,1.5,16.2,461.82
265.0,10000,1.5,16.2,461.87
270.0,10000,1.5,16.2,457.58
275.0,10000,1.5,16.2,457.28
280.0,10000,1.5,16.2,456.98
285.0,10000,1.5,16.2,456.98
290.0,10000,1.5,16.2,456.98
295.0,10000,1.5,16.2,456.98
300.0,10000,1.5,16.2,456.98
